name,category,model,psnr,ssim,lpips
dense residential_00,dense residential,Real-ESRGAN,25.3234558,0.700224449,0.374764383
dense residential_00,dense residential,Diffusion,20.86778176,0.46154697,0.502279937
dense residential_01,dense residential,Real-ESRGAN,22.65121705,0.718676929,0.354616225
dense residential_01,dense residential,Diffusion,19.26147598,0.513922981,0.482328385
forest_00,forest,Real-ESRGAN,24.0122164,0.563947306,0.441584527
forest_00,forest,Diffusion,22.88166494,0.414693121,0.595300376
forest_01,forest,Real-ESRGAN,22.62444728,0.49377832,0.447560906
forest_01,forest,Diffusion,21.03170494,0.34394579,0.634134054
freeway_00,freeway,Real-ESRGAN,27.81769378,0.73193385,0.358556658
freeway_00,freeway,Diffusion,24.85344574,0.50230736,0.539622903
freeway_01,freeway,Real-ESRGAN,27.7656692,0.793931057,0.344304234
freeway_01,freeway,Diffusion,24.61350889,0.534792339,0.540495634
harbor_00,harbor,Real-ESRGAN,21.0893404,0.741635293,0.380153179
harbor_00,harbor,Diffusion,18.70597209,0.623715351,0.475557029
harbor_01,harbor,Real-ESRGAN,22.18851182,0.756031658,0.394595653
harbor_01,harbor,Diffusion,18.41534866,0.557605241,0.500910997
rectangular farmland_00,rectangular farmland,Real-ESRGAN,18.04465708,0.199143666,0.414210856
rectangular farmland_00,rectangular farmland,Diffusion,23.92740383,0.323026699,0.420531213
rectangular farmland_01,rectangular farmland,Real-ESRGAN,25.18648445,0.522992054,0.337061882
rectangular farmland_01,rectangular farmland,Diffusion,25.80166809,0.504730646,0.513903081
river_00,river,Real-ESRGAN,24.38698174,0.663524359,0.404430747
river_00,river,Diffusion,21.87108749,0.466010474,0.569223642
river_01,river,Real-ESRGAN,30.8396163,0.859174284,0.326398611
river_01,river,Diffusion,22.83434817,0.519151063,0.535611033
runway_00,runway,Real-ESRGAN,34.33574803,0.90514388,0.313031077
runway_00,runway,Diffusion,24.29300316,0.502628421,0.572753251
runway_01,runway,Real-ESRGAN,29.93081171,0.830952588,0.370907784
runway_01,runway,Diffusion,22.12055329,0.476988353,0.534488678
sparse residential_00,sparse residential,Real-ESRGAN,26.86682209,0.664482016,0.392717361
sparse residential_00,sparse residential,Diffusion,23.85598514,0.499553088,0.485939384
sparse residential_01,sparse residential,Real-ESRGAN,26.73868297,0.684927479,0.398917735
sparse residential_01,sparse residential,Diffusion,23.43201457,0.45817782,0.529438913
beach_00,beach,Real-ESRGAN,27.54997575,0.761995085,0.360111237
beach_00,beach,Diffusion,23.17646354,0.461712946,0.551777899
beach_01,beach,Real-ESRGAN,28.27823104,0.826148125,0.320563287
beach_01,beach,Diffusion,24.87032463,0.589787648,0.516437769
chaparral_00,chaparral,Real-ESRGAN,17.93094317,0.205346763,0.67078054
chaparral_00,chaparral,Diffusion,20.28958617,0.684035808,0.295900106
chaparral_01,chaparral,Real-ESRGAN,25.65903378,0.758304727,0.406204015
chaparral_01,chaparral,Diffusion,24.73409065,0.612955035,0.519801676
