category,model,psnr,ssim,lpips
beach,Diffusion,24.023394082780577,0.5257502971814095,0.5341078341007233
beach,Real-ESRGAN,27.914103398728717,0.7940716053722884,0.34033726155757904
chaparral,Diffusion,22.511838407784342,0.6484954216580139,0.40785089135169983
chaparral,Real-ESRGAN,21.794988473619526,0.4818257448819643,0.538492277264595
dense residential,Diffusion,20.06462886946035,0.4877349758001164,0.49230416119098663
dense residential,Real-ESRGAN,23.987336426259223,0.7094506893319621,0.36469030380249023
forest,Diffusion,21.956684939602646,0.3793194555520669,0.6147172152996063
forest,Real-ESRGAN,23.318331838485353,0.5288628129460997,0.44457271695137024
freeway,Diffusion,24.733477314006294,0.5185498493809113,0.5400592684745789
freeway,Real-ESRGAN,27.79168149113687,0.7629324532479418,0.3514304459095001
harbor,Diffusion,18.56066037354124,0.5906602961977745,0.4882340133190155
harbor,Real-ESRGAN,21.638926110024343,0.7488334755709232,0.3873744159936905
rectangular farmland,Diffusion,24.864535963369207,0.41387867224169006,0.4672171473503113
rectangular farmland,Real-ESRGAN,21.615570762362843,0.361067859903091,0.37563636898994446
river,Diffusion,22.352717828625767,0.49258076858983013,0.5524173378944397
river,Real-ESRGAN,27.613299020010523,0.7613493215348963,0.36541467905044556
runway,Diffusion,23.20677822521887,0.48980838743404376,0.5536209642887115
runway,Real-ESRGAN,32.133279871652874,0.8680482341342981,0.34196943044662476
sparse residential,Diffusion,23.643999854677283,0.4788654542043596,0.5076891481876373
sparse residential,Real-ESRGAN,26.802752531530412,0.6747047475086108,0.3958175480365753
